EventID,Trigger,Asset,Bus,Attenuation,Priority,Volume,Is2D
Music.Silence,Music:Silence,/Game/Rakis/Audio/MetaSounds/MS_Music_Adaptive,Music,,100,0.0,True
Music.DesertCalm,Music:DesertCalm,/Game/Rakis/Audio/MetaSounds/MS_Music_Adaptive,Music,,100,0.8,True
Music.DesertDrone,Music:DesertDrone,/Game/Rakis/Audio/MetaSounds/MS_Music_Adaptive,Music,,100,0.75,True
Music.WormThreat,Music:WormThreat,/Game/Rakis/Audio/MetaSounds/MS_Music_Adaptive,Music,,100,0.9,True
Music.WormReveal,Music:WormReveal,/Game/Rakis/Audio/MetaSounds/MS_Music_Adaptive,Music,,100,1.0,True
Music.SietchLife,Music:SietchLife,/Game/Rakis/Audio/MetaSounds/MS_Music_Adaptive,Music,,100,0.7,True
Music.SietchNarrow,Music:SietchNarrow,/Game/Rakis/Audio/MetaSounds/MS_Music_Adaptive,Music,,100,0.6,True
Music.HallChorale,Music:HallChorale,/Game/Rakis/Audio/MetaSounds/MS_Music_Adaptive,Music,,100,0.95,True
Amb.A1_Ridge,ZoneEnter:A1_Ridge,/Game/Rakis/Audio/MetaSounds/MS_Amb_Desert,Ambience,,90,0.8,True
Amb.A2_Erg,ZoneEnter:A2_Erg,/Game/Rakis/Audio/MetaSounds/MS_Amb_Desert,Ambience,,90,0.75,True
Amb.A3_Approach,ZoneEnter:A3_Approach,/Game/Rakis/Audio/MetaSounds/MS_Amb_Desert,Ambience,,90,0.8,True
Amb.A4_Crevice,ZoneEnter:A4_Crevice,/Game/Rakis/Audio/MetaSounds/MS_Amb_Desert,Ambience,,90,0.6,True
Amb.B1_Airlock,ZoneEnter:B1_Airlock,/Game/Rakis/Audio/MetaSounds/MS_Amb_Sietch,Ambience,,90,0.6,True
Amb.B2_Gallery,ZoneEnter:B2_Gallery,/Game/Rakis/Audio/MetaSounds/MS_Amb_Sietch,Ambience,,90,0.8,True
Amb.B3_Passages,ZoneEnter:B3_Passages,/Game/Rakis/Audio/MetaSounds/MS_Amb_Sietch,Ambience,,90,0.55,True
Amb.B4_Cistern,ZoneEnter:B4_Cistern,/Game/Rakis/Audio/MetaSounds/MS_Amb_Sietch,Ambience,,90,0.5,True
Amb.B5_Hall,ZoneEnter:B5_Hall,/Game/Rakis/Audio/MetaSounds/MS_Amb_Sietch,Ambience,,90,0.7,True
Foot.Sand,Footstep:Sand,/Game/Rakis/Audio/MetaSounds/MS_Footstep,SFX,/Game/Rakis/Audio/Attenuation/ATT_Footstep,40,0.7,False
Foot.PackedSand,Footstep:PackedSand,/Game/Rakis/Audio/MetaSounds/MS_Footstep,SFX,/Game/Rakis/Audio/Attenuation/ATT_Footstep,40,0.9,False
Foot.Rock,Footstep:Rock,/Game/Rakis/Audio/MetaSounds/MS_Footstep,SFX,/Game/Rakis/Audio/Attenuation/ATT_Footstep,40,0.6,False
Foot.SietchStone,Footstep:SietchStone,/Game/Rakis/Audio/MetaSounds/MS_Footstep,SFX,/Game/Rakis/Audio/Attenuation/ATT_Footstep,40,0.55,False
Foot.Cloth,Footstep:Cloth,/Game/Rakis/Audio/MetaSounds/MS_Footstep,SFX,/Game/Rakis/Audio/Attenuation/ATT_Footstep,40,0.35,False
Foot.Metal,Footstep:Metal,/Game/Rakis/Audio/MetaSounds/MS_Footstep,SFX,/Game/Rakis/Audio/Attenuation/ATT_Footstep,40,0.65,False
Foot.Unknown,Footstep:Unknown,/Game/Rakis/Audio/MetaSounds/MS_Footstep,SFX,/Game/Rakis/Audio/Attenuation/ATT_Footstep,40,0.5,False
Foot.SandWalk,Footstep:SandWalk,/Game/Rakis/Audio/MetaSounds/MS_Footstep,SFX,/Game/Rakis/Audio/Attenuation/ATT_Footstep,40,0.45,False
Foot.Companion,Footstep:Companion,/Game/Rakis/Audio/MetaSounds/MS_Footstep,SFX,/Game/Rakis/Audio/Attenuation/ATT_Footstep,20,0.4,False
Worm.Approach,WormState:Approach,/Game/Rakis/Audio/MetaSounds/MS_Worm_Approach,SFX,/Game/Rakis/Audio/Attenuation/ATT_Worm_Huge,120,1.0,False
Worm.Listening,WormState:Listening,/Game/Rakis/Audio/MetaSounds/MS_Worm_Approach,SFX,/Game/Rakis/Audio/Attenuation/ATT_Worm_Huge,110,0.5,False
Worm.Infrasound,WormThreat,/Game/Rakis/Audio/SFX/Worm/SW_Worm_Infrasound_Loop,SFX,,115,0.9,True
Worm.Roar,WormState:Surface,/Game/Rakis/Audio/MetaSounds/MS_Worm_Roar,SFX,/Game/Rakis/Audio/Attenuation/ATT_Worm_Huge,127,1.0,False
Worm.Breach,Anim:WormBreach,/Game/Rakis/Audio/SFX/Worm/SC_Worm_Breach,SFX,/Game/Rakis/Audio/Attenuation/ATT_Worm_Huge,125,1.0,False
Worm.RockHop,Worm:RockHop,/Game/Rakis/Audio/SFX/Worm/SC_Rock_Hop,SFX,/Game/Rakis/Audio/Attenuation/ATT_Prop_Medium,70,0.8,False
Worm.SandHiss,Worm:Moving,/Game/Rakis/Audio/SFX/Worm/SC_Worm_SandHiss_Loop,SFX,/Game/Rakis/Audio/Attenuation/ATT_Worm_Huge,100,0.85,False
Worm.RingSandfall,Anim:WormRings,/Game/Rakis/Audio/SFX/Worm/SC_Worm_RingSandfall,SFX,/Game/Rakis/Audio/Attenuation/ATT_Worm_Huge,90,0.8,False
Worm.Pass,WormState:Pass,/Game/Rakis/Audio/SFX/Worm/SC_Worm_Dive,SFX,/Game/Rakis/Audio/Attenuation/ATT_Worm_Huge,110,0.9,False
Worm.Heartbeat,WormState:Approach,/Game/Rakis/Audio/SFX/Player/SC_Heartbeat_Loop,SFX,,80,0.6,True
Thumper.Deploy,Interact:Rakis.Thumper,/Game/Rakis/Audio/SFX/Thumper/SC_Thumper_Deploy,SFX,/Game/Rakis/Audio/Attenuation/ATT_Prop_Medium,70,0.8,False
Thumper.Hit,Thumper:Hit,/Game/Rakis/Audio/MetaSounds/MS_Thumper,SFX,/Game/Rakis/Audio/Attenuation/ATT_Thumper,95,1.0,False
Door.SealHiss,Door:Open,/Game/Rakis/Audio/MetaSounds/MS_SealDoor,SFX,/Game/Rakis/Audio/Attenuation/ATT_Prop_Medium,85,0.9,False
Door.FalseRock,Interact:Rakis.FalseRock,/Game/Rakis/Audio/SFX/Sietch/SC_FalseRock_Grind,SFX,/Game/Rakis/Audio/Attenuation/ATT_Prop_Large,85,1.0,False
Glowglobe.Hum,Actor:Rakis.Glowglobe,/Game/Rakis/Audio/SFX/Sietch/SC_Glowglobe_Hum_Loop,SFX,/Game/Rakis/Audio/Attenuation/ATT_Glowglobe,20,0.25,False
Water.Drip,Emitter:Drip,/Game/Rakis/Audio/SFX/Sietch/SC_Water_Drip,SFX,/Game/Rakis/Audio/Attenuation/ATT_Prop_Small,30,0.4,False
Water.Measure,SmartObject:WaterJar,/Game/Rakis/Audio/SFX/Sietch/SC_Water_Measure,SFX,/Game/Rakis/Audio/Attenuation/ATT_Prop_Small,50,0.6,False
Loom.Clack,SmartObject:Loom,/Game/Rakis/Audio/SFX/Sietch/SC_Loom_Clack,SFX,/Game/Rakis/Audio/Attenuation/ATT_Prop_Small,30,0.5,False
Stillsuit.Repair,SmartObject:StillsuitRepair,/Game/Rakis/Audio/SFX/Sietch/SC_Stillsuit_Repair,SFX,/Game/Rakis/Audio/Attenuation/ATT_Prop_Small,30,0.5,False
Crowd.Walla.Gallery,ZoneEnter:B2_Gallery,/Game/Rakis/Audio/Ambience/SC_Crowd_Walla_Gallery,Ambience,/Game/Rakis/Audio/Attenuation/ATT_Crowd,60,0.6,False
Crowd.Walla.Hall,ZoneEnter:B5_Hall,/Game/Rakis/Audio/Ambience/SC_Crowd_Walla_Hall,Ambience,/Game/Rakis/Audio/Attenuation/ATT_Crowd,60,0.5,False
Crowd.Hush,Crowd:PlayerNear,/Game/Rakis/Audio/Ambience/SC_Crowd_Hush,Ambience,/Game/Rakis/Audio/Attenuation/ATT_Crowd,55,0.5,False
Crowd.Chant,CrowdRitual,/Game/Rakis/Audio/Ambience/SC_Crowd_Chant_Ru,Ambience,/Game/Rakis/Audio/Attenuation/ATT_Crowd,75,0.7,False
Wind.Gust,Weather:Gust,/Game/Rakis/Audio/Ambience/SC_Wind_Gust,Ambience,,50,0.7,True
Storm.Distant,Weather:Storm_Horizon,/Game/Rakis/Audio/Ambience/SC_Storm_Distant_Loop,Ambience,,70,0.7,True
Player.Breath.Dry,MoistureBelow:0.25,/Game/Rakis/Audio/SFX/Player/SC_Breath_Dry,SFX,,45,0.4,True
Player.Mask.Seal,Mask:Seal,/Game/Rakis/Audio/SFX/Player/SC_Mask_Seal,SFX,,45,0.5,True
UI.Hint,UI:Hint,/Game/Rakis/Audio/UI/SW_UI_Hint,UI,,10,0.3,True
UI.TitleCard,UI:TitleCard,/Game/Rakis/Audio/UI/SW_UI_TitleCard,UI,,10,0.35,True
UI.Interact,UI:Interact,/Game/Rakis/Audio/UI/SW_UI_Interact,UI,,10,0.2,True
UI.Pause,UI:Pause,/Game/Rakis/Audio/UI/SW_UI_Pause,UI,,10,0.3,True
UI.PhotoShutter,UI:Photo,/Game/Rakis/Audio/UI/SW_UI_PhotoShutter,UI,,10,0.3,True
