BarkID,Archetype,Context,Line_RU,Line_EN,VO_File,Weight,Cooldown
BRK_TRD_Idle_01,Trader,Idle,"Кинская ткань — нет. Наша — да. Пощупай.","Keen cloth — no. Ours — yes. Feel it.",/Game/Rakis/Audio/VO/Barks/BRK_TRD_Idle_01,1.0,45
BRK_TRD_Stranger_02,Trader,Stranger,"Городской? Тебе — вдвойне. Не обижайся.","From town? Double for you. No offence.",/Game/Rakis/Audio/VO/Barks/BRK_TRD_Stranger_02,1.5,90
BRK_TRD_Market_03,Trader,Market,"Пряжки, ремни, заплаты! Дешевле Кина — и честнее.","Buckles, straps, patches! Cheaper than Keen, and honest.",/Game/Rakis/Audio/VO/Barks/BRK_TRD_Market_03,1.2,40
BRK_TRD_Market_04,Trader,Market,"Кофе на нитку, нитку на кофе. Болтовня — даром.","Coffee for thread, thread for coffee. Chatter's free.",/Game/Rakis/Audio/VO/Barks/BRK_TRD_Market_04,1.2,40
BRK_TRD_Water_05,Trader,Water,"Водой не торгую. Вода — по мерке. Остальное — договоримся.","I don't haggle water. Water's by the measure. The rest — we'll talk.",/Game/Rakis/Audio/VO/Barks/BRK_TRD_Water_05,1.0,60
BRK_TRD_Shiana_06,Trader,Shiana,"Ленты Шианы! Синие, как её глаза. Говорят.","Sheeana ribbons! Blue as her eyes. Or so they say.",/Game/Rakis/Audio/VO/Barks/BRK_TRD_Shiana_06,0.8,120
BRK_TRD_Kin_07,Trader,Kin,"В Кине за такую пряжку кувшин просят. А я — улыбку.","In Keen this buckle costs a jar. Me, I'll take a smile.",/Game/Rakis/Audio/VO/Barks/BRK_TRD_Kin_07,1.0,90
BRK_TRD_WormNear_08,Trader,WormNear,"Чуешь? Прошёл под нами. К хорошему торгу.","Feel that? He passed under us. Good sign for business.",/Game/Rakis/Audio/VO/Barks/BRK_TRD_WormNear_08,2.0,30
BRK_TRD_Ritual_09,Trader,Ritual,"Лоток подождёт. Жрица — нет.","The stall can wait. The priestess won't.",/Game/Rakis/Audio/VO/Barks/BRK_TRD_Ritual_09,1.5,60
BRK_TRD_Offworld_10,Trader,Offworld,"Чужая монета? Дай-ка. …Нет. Не так звенит.","Offworld coin? Let's see. …No. Rings wrong.",/Game/Rakis/Audio/VO/Barks/BRK_TRD_Offworld_10,0.6,120
BRK_TRD_Idle_11,Trader,Idle,"Пыль на товаре? Значит, здешний.","Dust on it? Means it's local.",/Game/Rakis/Audio/VO/Barks/BRK_TRD_Idle_11,1.0,45
BRK_ART_Idle_01,Artisan,Idle,"Шов к шву. Капля к капле.","Seam to seam. Drop to drop.",/Game/Rakis/Audio/VO/Barks/BRK_ART_Idle_01,1.0,45
BRK_ART_Stranger_02,Artisan,Stranger,"Покажи костюм. …Кто тебе это шил — враг?","Show me that suit. …Who sewed it, an enemy?",/Game/Rakis/Audio/VO/Barks/BRK_ART_Stranger_02,1.5,90
BRK_ART_Stranger_03,Artisan,Stranger,"Маску ниже. Нос внутрь. Вот. Не благодари.","Mask lower. Nose in. There. Don't thank me.",/Game/Rakis/Audio/VO/Barks/BRK_ART_Stranger_03,1.5,90
BRK_ART_Market_04,Artisan,Market,"Насосы в пятках — до заката. Потом молюсь.","Heel pumps till sundown. After that I pray.",/Game/Rakis/Audio/VO/Barks/BRK_ART_Market_04,1.2,40
BRK_ART_Water_05,Artisan,Water,"Дырявый костюм — вор, которого носишь на себе.","A leaky suit is a thief you wear.",/Game/Rakis/Audio/VO/Barks/BRK_ART_Water_05,1.0,60
BRK_ART_Shiana_06,Artisan,Shiana,"Говорят, Шиана по песку без костюма ходит. Я б ей всё равно сшил.","They say Sheeana walks the sand with no suit. I'd sew her one anyway.",/Game/Rakis/Audio/VO/Barks/BRK_ART_Shiana_06,0.8,120
BRK_ART_Kin_07,Artisan,Kin,"В Кине шьют для парада. Не для песка.","Keen sews for parades. Not for sand.",/Game/Rakis/Audio/VO/Barks/BRK_ART_Kin_07,1.0,90
BRK_ART_WormNear_08,Artisan,WormNear,"Тсс. Сейчас даже игла громкая.","Shh. Right now even a needle's too loud.",/Game/Rakis/Audio/VO/Barks/BRK_ART_WormNear_08,2.0,30
BRK_ART_Ritual_09,Artisan,Ritual,"Иглу отложу. Сегодня шьёт жрица — голосом.","Needle down. Tonight the priestess does the stitching — with her voice.",/Game/Rakis/Audio/VO/Barks/BRK_ART_Ritual_09,1.5,60
BRK_ART_Offworld_10,Artisan,Offworld,"Чужая ткань не дышит. И ничего не отдаёт.","Offworld cloth doesn't breathe. And gives nothing back.",/Game/Rakis/Audio/VO/Barks/BRK_ART_Offworld_10,0.6,120
BRK_ART_Idle_11,Artisan,Idle,"Опять трубка лопнула. Песок всё грызёт.","Another tube split. Sand chews through everything.",/Game/Rakis/Audio/VO/Barks/BRK_ART_Idle_11,1.0,45
BRK_WAT_Idle_01,WaterCarrier,Idle,"Тяжёлый кувшин — хороший день.","Heavy jar, good day.",/Game/Rakis/Audio/VO/Barks/BRK_WAT_Idle_01,1.0,45
BRK_WAT_Idle_02,WaterCarrier,Idle,"Пустой кувшин звенит, полный молчит. Как люди.","An empty jar rings, a full one keeps quiet. Like people.",/Game/Rakis/Audio/VO/Barks/BRK_WAT_Idle_02,1.0,45
BRK_WAT_Water_03,WaterCarrier,Water,"Мерка — три пальца. Ни больше, ни меньше.","Three fingers to the measure. No more, no less.",/Game/Rakis/Audio/VO/Barks/BRK_WAT_Water_03,1.0,60
BRK_WAT_Water_04,WaterCarrier,Water,"Капля — на язык. Не на пол.","Drops go on the tongue. Not the floor.",/Game/Rakis/Audio/VO/Barks/BRK_WAT_Water_04,1.0,60
BRK_WAT_Stranger_05,WaterCarrier,Stranger,"Отойди от кувшина, чужой. Тень твоя пьёт.","Step off the jar, stranger. Your shadow's drinking.",/Game/Rakis/Audio/VO/Barks/BRK_WAT_Stranger_05,1.5,90
BRK_WAT_Market_06,WaterCarrier,Market,"Кто воду к кофе просил? Отмерено.","Who wanted water for coffee? Measured out.",/Game/Rakis/Audio/VO/Barks/BRK_WAT_Market_06,1.2,40
BRK_WAT_Kin_07,WaterCarrier,Kin,"Кин берёт водой, а отдаёт проповедью.","Keen takes it in water and pays it back in sermons.",/Game/Rakis/Audio/VO/Barks/BRK_WAT_Kin_07,1.0,90
BRK_WAT_Shiana_08,WaterCarrier,Shiana,"Где Шиана прошла, там песок влажный, говорят. Сказки. Но хорошие.","Where Sheeana walks the sand goes damp, they say. Tales. Good ones, though.",/Game/Rakis/Audio/VO/Barks/BRK_WAT_Shiana_08,0.8,120
BRK_WAT_WormNear_09,WaterCarrier,WormNear,"Кувшин держи. Пол дрогнет — не урони.","Hold your jar. If the floor shivers, don't drop it.",/Game/Rakis/Audio/VO/Barks/BRK_WAT_WormNear_09,2.0,30
BRK_WAT_Ritual_10,WaterCarrier,Ritual,"Последняя мерка — в чашу. Остальное завтра.","Last measure goes in the bowl. The rest tomorrow.",/Game/Rakis/Audio/VO/Barks/BRK_WAT_Ritual_10,1.5,60
BRK_WAT_Offworld_11,WaterCarrier,Offworld,"Чужие пьют, будто вода на камнях растёт.","Offworlders drink like water grows on rocks.",/Game/Rakis/Audio/VO/Barks/BRK_WAT_Offworld_11,0.6,120
BRK_CHL_Idle_01,Child,Idle,"Я червь! Ты наездник! Нет, теперь я наездник!","I'm the worm! You're the rider! No, now I'm the rider!",/Game/Rakis/Audio/VO/Barks/BRK_CHL_Idle_01,1.0,45
BRK_CHL_Idle_02,Child,Idle,"Бум! Бум! Я тампер! Иди сюда, червяк!","Boom! Boom! I'm a thumper! Come here, wormy!",/Game/Rakis/Audio/VO/Barks/BRK_CHL_Idle_02,1.0,45
BRK_CHL_Stranger_03,Child,Stranger,"У тебя глаза не синие. Ты из Кина?","Your eyes aren't blue. Are you from Keen?",/Game/Rakis/Audio/VO/Barks/BRK_CHL_Stranger_03,1.5,90
BRK_CHL_Stranger_04,Child,Stranger,"Мам, а он по песку ходить умеет?","Mama, can he walk the sand?",/Game/Rakis/Audio/VO/Barks/BRK_CHL_Stranger_04,1.5,90
BRK_CHL_Market_05,Child,Market,"Дай финик — покажу самую прохладную нишу.","Give me a date and I'll show you the coolest niche.",/Game/Rakis/Audio/VO/Barks/BRK_CHL_Market_05,1.2,40
BRK_CHL_Water_06,Child,Water,"Я не трогал! Я только смотрел!","I didn't touch it! I was only looking!",/Game/Rakis/Audio/VO/Barks/BRK_CHL_Water_06,1.0,60
BRK_CHL_Shiana_07,Child,Shiana,"Вырасту — буду как Шиана. Меня червь слушаться будет!","When I grow up I'll be like Sheeana. The worm'll do what I say!",/Game/Rakis/Audio/VO/Barks/BRK_CHL_Shiana_07,0.8,120
BRK_CHL_WormNear_08,Child,WormNear,"Чувствуешь? Пол щекотится!","Feel that? The floor tickles!",/Game/Rakis/Audio/VO/Barks/BRK_CHL_WormNear_08,2.0,30
BRK_CHL_Ritual_09,Child,Ritual,"Тсс! Жрица поёт. Смеяться нельзя. Ну… чуть-чуть.","Shh! The priestess is singing. No laughing. Well… a little.",/Game/Rakis/Audio/VO/Barks/BRK_CHL_Ritual_09,1.5,60
BRK_CHL_Kin_10,Child,Kin,"У кинских детей подошвы твёрдые. Стучат!","Keen kids have hard soles. They knock!",/Game/Rakis/Audio/VO/Barks/BRK_CHL_Kin_10,1.0,90
BRK_CHL_Offworld_11,Child,Offworld,"А там, наверху, тоже песок?","Is there sand up there too?",/Game/Rakis/Audio/VO/Barks/BRK_CHL_Offworld_11,0.6,120
BRK_CHL_Idle_12,Child,Idle,"Я видел Оссану! Она на нём стояла! Стоя!","I saw Ossana! She was standing on him! Standing up!",/Game/Rakis/Audio/VO/Barks/BRK_CHL_Idle_12,1.0,45
BRK_GRD_Idle_01,Guard,Idle,"Смотрю на тени. Тени не врут.","I watch the shadows. Shadows don't lie.",/Game/Rakis/Audio/VO/Barks/BRK_GRD_Idle_01,1.0,45
BRK_GRD_Idle_02,Guard,Idle,"Нож на поясе. Глаза на двери.","Knife on the belt. Eyes on the door.",/Game/Rakis/Audio/VO/Barks/BRK_GRD_Idle_02,1.0,45
BRK_GRD_Stranger_03,Guard,Stranger,"Руки на виду, гость.","Hands where I can see them, guest.",/Game/Rakis/Audio/VO/Barks/BRK_GRD_Stranger_03,1.5,90
BRK_GRD_Stranger_04,Guard,Stranger,"Мы тебя не звали. Впустили — ходи тихо.","Nobody called you. You're in — so walk quiet.",/Game/Rakis/Audio/VO/Barks/BRK_GRD_Stranger_04,1.5,90
BRK_GRD_Market_05,Guard,Market,"Торгуйтесь без крика. Крик — для пустыни.","Haggle, don't shout. Shouting's for the desert.",/Game/Rakis/Audio/VO/Barks/BRK_GRD_Market_05,1.2,40
BRK_GRD_Water_06,Guard,Water,"От решётки. Второй раз не скажу.","Away from the grate. I won't say it twice.",/Game/Rakis/Audio/VO/Barks/BRK_GRD_Water_06,1.0,60
BRK_GRD_Kin_07,Guard,Kin,"Кином пахнет. Ладан и страх.","Smells like Keen. Incense and fear.",/Game/Rakis/Audio/VO/Barks/BRK_GRD_Kin_07,1.0,90
BRK_GRD_WormNear_08,Guard,WormNear,"Он близко. От наружных стен — все.","He's close. Everyone off the outer walls.",/Game/Rakis/Audio/VO/Barks/BRK_GRD_WormNear_08,2.0,30
BRK_GRD_Shiana_09,Guard,Shiana,"Шиана не наша. Ничья. Так ей надёжнее.","Sheeana isn't ours. She's nobody's. Safer for her that way.",/Game/Rakis/Audio/VO/Barks/BRK_GRD_Shiana_09,0.8,120
BRK_GRD_Ritual_10,Guard,Ritual,"В зал. Не толкаться. Бог не торопится.","To the hall. No shoving. God's in no hurry.",/Game/Rakis/Audio/VO/Barks/BRK_GRD_Ritual_10,1.5,60
BRK_GRD_Offworld_11,Guard,Offworld,"Сядет чужой корабль на эрг — песок его съест. Без нас.","An offworld ship sets down on the erg, the sand eats it. No help from us.",/Game/Rakis/Audio/VO/Barks/BRK_GRD_Offworld_11,0.6,120
BRK_GRD_Idle_12,Guard,Idle,"Оссана вернулась раньше бури. Значит, гостей жди.","Ossana got back ahead of the storm. Means guests are coming.",/Game/Rakis/Audio/VO/Barks/BRK_GRD_Idle_12,1.0,45
BRK_PLG_Idle_01,Pilgrim,Idle,"Три ночи шёл из Кина. Ноги помнят каждую.","Three nights walking from Keen. My feet remember every one.",/Game/Rakis/Audio/VO/Barks/BRK_PLG_Idle_01,1.0,45
BRK_PLG_Idle_02,Pilgrim,Idle,"Бог разделён — значит, и мне кусочек достанется.","A divided God — so there's a piece for me too.",/Game/Rakis/Audio/VO/Barks/BRK_PLG_Idle_02,1.0,45
BRK_PLG_Shiana_03,Pilgrim,Shiana,"Она с Ним говорит, как дочь с отцом. Я видел. Издали.","She talks to Him like a daughter to her father. I saw. From far off.",/Game/Rakis/Audio/VO/Barks/BRK_PLG_Shiana_03,0.8,120
BRK_PLG_Shiana_04,Pilgrim,Shiana,"Шиана… Только шёпотом. Имена тоже слышат.","Sheeana… Only in a whisper. Names get heard too.",/Game/Rakis/Audio/VO/Barks/BRK_PLG_Shiana_04,0.8,120
BRK_PLG_Kin_05,Pilgrim,Kin,"Жрецы мне благословение продали. А тут подарили.","The priests sold me a blessing. Here they gave me one.",/Game/Rakis/Audio/VO/Barks/BRK_PLG_Kin_05,1.0,90
BRK_PLG_Stranger_06,Pilgrim,Stranger,"Тоже от них ушёл? Не отвечай. По глазам видно.","You left them too? Don't answer. It's in your eyes.",/Game/Rakis/Audio/VO/Barks/BRK_PLG_Stranger_06,1.5,90
BRK_PLG_Ritual_07,Pilgrim,Ritual,"Скоро запоёт. Сердце уже слышит.","She'll sing soon. My heart already hears it.",/Game/Rakis/Audio/VO/Barks/BRK_PLG_Ritual_07,1.5,60
BRK_PLG_WormNear_08,Pilgrim,WormNear,"Он рядом. Не его бойся — того, что в тебе.","He's near. Don't fear him — fear what's in you.",/Game/Rakis/Audio/VO/Barks/BRK_PLG_WormNear_08,2.0,30
BRK_PLG_Water_09,Pilgrim,Water,"Отдал воду у входа. Легче стало.","Gave up my water at the door. I feel lighter.",/Game/Rakis/Audio/VO/Barks/BRK_PLG_Water_09,1.0,60
BRK_PLG_Market_10,Pilgrim,Market,"Святыни не продаются. Но этот камешек — с Её следа. Почти даром.","Holy things aren't for sale. But this pebble's from Her footprint. Practically free.",/Game/Rakis/Audio/VO/Barks/BRK_PLG_Market_10,1.2,40
BRK_PLG_Offworld_11,Pilgrim,Offworld,"Рассеянные возвращаются домой. А дом уже не тот.","The Scattered are coming home. Only home isn't what it was.",/Game/Rakis/Audio/VO/Barks/BRK_PLG_Offworld_11,0.6,120
BRK_ELD_Idle_01,Elder,Idle,"Этот камень мои деды ладонями гладили. Гладь и ты.","My grandfathers wore this stone smooth with their palms. Your turn.",/Game/Rakis/Audio/VO/Barks/BRK_ELD_Idle_01,1.0,45
BRK_ELD_Idle_02,Elder,Idle,"Мы не фримены. Мы их эхо. Но и эхо — голос.","We aren't the Fremen. We're their echo. But an echo's still a voice.",/Game/Rakis/Audio/VO/Barks/BRK_ELD_Idle_02,1.0,45
BRK_ELD_Idle_03,Elder,Idle,"Ритм — враг. Запомни, пока молодой.","Rhythm is the enemy. Learn it while you're young.",/Game/Rakis/Audio/VO/Barks/BRK_ELD_Idle_03,1.0,45
BRK_ELD_Stranger_04,Elder,Stranger,"Ходишь как городской: пятка-носок, пятка-носок. Сбей. Ещё. Вот.","You walk like a townsman: heel-toe, heel-toe. Break it. Again. There.",/Game/Rakis/Audio/VO/Barks/BRK_ELD_Stranger_04,1.5,90
BRK_ELD_Kin_05,Elder,Kin,"Был Арракин. Стал Кин. Будет пыль. Имена недолго живут.","It was Arrakeen. Then Keen. Next, dust. Names don't last.",/Game/Rakis/Audio/VO/Barks/BRK_ELD_Kin_05,1.0,90
BRK_ELD_Water_06,Elder,Water,"Дед знал, сколько в каждом воды. Я знаю только, сколько не хватает.","Grandfather knew how much water was in every one of us. I only know how much is missing.",/Game/Rakis/Audio/VO/Barks/BRK_ELD_Water_06,1.0,60
BRK_ELD_Shiana_07,Elder,Shiana,"Девчонка говорит с Шайтаном. А мы думали — разучились даже слушать.","A girl talks with Shaitan. And we thought we'd forgotten how to even listen.",/Game/Rakis/Audio/VO/Barks/BRK_ELD_Shiana_07,0.8,120
BRK_ELD_WormNear_08,Elder,WormNear,"Не бегите. Закон старый, а всё дышит.","Don't run. Old law, and still breathing.",/Game/Rakis/Audio/VO/Barks/BRK_ELD_WormNear_08,2.0,30
BRK_ELD_Ritual_09,Elder,Ritual,"Сядь пониже, молодой. Свод любит поклон.","Sit lower, young one. The vault likes a bow.",/Game/Rakis/Audio/VO/Barks/BRK_ELD_Ritual_09,1.5,60
BRK_ELD_Market_10,Elder,Market,"Кофе с пряностью — три глотка. За жизнь, за песок и за того, кто не дошёл.","Spice coffee — three sips. For life, for the sand, and for the one who didn't make it.",/Game/Rakis/Audio/VO/Barks/BRK_ELD_Market_10,1.2,40
BRK_ELD_Offworld_11,Elder,Offworld,"Звёзды теперь ходят. Это корабли. Раньше тише было.","The stars move now. Those are ships. It used to be quieter.",/Game/Rakis/Audio/VO/Barks/BRK_ELD_Offworld_11,0.6,120
BRK_WEA_Idle_01,Weaver,Idle,"Нить к нити, шаг к шагу. Только тут ритм и можно.","Thread to thread, step to step. Only here is rhythm allowed.",/Game/Rakis/Audio/VO/Barks/BRK_WEA_Idle_01,1.0,45
BRK_WEA_Idle_02,Weaver,Idle,"Мать говорила: рвётся нить — песок слушает. Сбавь.","Mother used to say: when the thread snaps, the sand is listening. Ease off.",/Game/Rakis/Audio/VO/Barks/BRK_WEA_Idle_02,1.0,45
BRK_WEA_Idle_03,Weaver,Idle,"Узор старше сиетча. Мы его только вспоминаем.","The pattern's older than the sietch. We just remember it.",/Game/Rakis/Audio/VO/Barks/BRK_WEA_Idle_03,1.0,45
BRK_WEA_Market_04,Weaver,Market,"Синий дорогой. Синий — для зала. На каждый день — охра.","Blue is dear. Blue's for the hall. Ochre for every day.",/Game/Rakis/Audio/VO/Barks/BRK_WEA_Market_04,1.2,40
BRK_WEA_Stranger_05,Weaver,Stranger,"Основу не трогай, гость. Она на нашем терпении натянута.","Don't touch the warp, guest. It's strung on our patience.",/Game/Rakis/Audio/VO/Barks/BRK_WEA_Stranger_05,1.5,90
BRK_WEA_Shiana_06,Weaver,Shiana,"Вышиваю червя для Шианы. Она не увидит. Ну и пусть.","I'm stitching a worm for Sheeana. She'll never see it. So what.",/Game/Rakis/Audio/VO/Barks/BRK_WEA_Shiana_06,0.8,120
BRK_WEA_Kin_07,Weaver,Kin,"Кин ткёт знамёна, мы — пологи. Знамя от бури не укроет.","Keen weaves banners, we weave awnings. A banner won't keep a storm off you.",/Game/Rakis/Audio/VO/Barks/BRK_WEA_Kin_07,1.0,90
BRK_WEA_Water_08,Weaver,Water,"Мокрая нить — пропащая нить. Краску тут по капле разводят.","Wet thread is wasted thread. We thin dye a drop at a time.",/Game/Rakis/Audio/VO/Barks/BRK_WEA_Water_08,1.0,60
BRK_WEA_WormNear_09,Weaver,WormNear,"Станок дрожит. Опять он рядом. Узел выдержит.","The loom's shaking. He's close again. The knot will hold.",/Game/Rakis/Audio/VO/Barks/BRK_WEA_WormNear_09,2.0,30
BRK_WEA_Ritual_10,Weaver,Ritual,"Полог над чашей готов. Лишь бы свет лёг ровно.","The canopy over the bowl is done. Let the light fall even.",/Game/Rakis/Audio/VO/Barks/BRK_WEA_Ritual_10,1.5,60
BRK_WEA_Offworld_11,Weaver,Offworld,"Небесные купцы просили наш узор. Узор не продают — его поют.","Sky-merchants wanted our pattern. You don't sell a pattern — you sing it.",/Game/Rakis/Audio/VO/Barks/BRK_WEA_Offworld_11,0.6,120
