DialogueID,Speaker,Line_RU,Line_EN,Condition,Emotion,VO_File,Duration,NextID,Line_Native,Line_NativeScript
DLG_A1_001,Ilva,"Мастер Рэйн. Ноги.","Master Rayn. Your feet.",,Calm,/Game/Rakis/Audio/VO/DLG_A1_001,2.6,DLG_A1_002,"Bā-Rayn… adwāsukum.","بَارَيْن… أَدْوَاسُكُم."
DLG_A1_002,Rayn,"Что — ноги? Я… идёт. Иду.","What feet? I… walks. Walk.",,Wry,/Game/Rakis/Audio/VO/DLG_A1_002,3.2,DLG_A1_003,"Šāl adwās? Ānu… yasrub. Asrub.","شَال أَدْوَاس؟ آنُو… يَسْرُب. أَسْرُب."
DLG_A1_003,Kair,"Ты маршируешь. Песок слушает.","You're marching. The sand's listening.",,Calm,/Game/Rakis/Audio/VO/DLG_A1_003,3.0,DLG_A1_004,"Tū taḍbuṭ. An-tirb yaṣnut.","تُو تَضْبُط. أَنْ تِرْب يَصْنُت."
DLG_A1_004,Kair,"Длинный. Короткий. Замри. И дальше — будто споткнулся. Вот так.","Long. Short. Freeze. Then — like you tripped. Like that.",,Calm,/Game/Rakis/Audio/VO/DLG_A1_004,5.8,,"Madd. Qiṭ. Iṭmun. Fa — ka-ʿātir. Hākā.","مَدّ. قِط. إِطْمُن. فَ — كَعَاتِر. هَاكَا."
DLG_A1_005,Rayn,"В Кине мне говорили — пустыня пустая.","In Keen they told me the desert was empty.",ZoneEnter:A1_Ridge,Wry,/Game/Rakis/Audio/VO/DLG_A1_005,3.8,DLG_A1_006,"Fu-Kīn lakatū: an-sahr khāw.","فُكِين لَكَتُو: أَنْ سَهْر خَاو."
DLG_A1_006,Kair,"В Кине много чего говорят. Всё, что тут есть, — у тебя под ногами.","Keen says a lot of things. Everything out here is under your feet.",,Calm,/Game/Rakis/Audio/VO/DLG_A1_006,5.2,,"Kīn yalqut jamm. Kull-mā hun — duḥ adwāsak.","كِين يَلْقُت جَمّ. كُلّ مَا هُن — دُحْ أَدْوَاسَك."
DLG_TUT_001,Kair,"Слишком ровно. Как тампер.","Too even. Like a thumper.",SandWalk:Regular,Tense,/Game/Rakis/Audio/VO/DLG_TUT_001,2.6,,"Sawī jamm. Ka-miḍbaṭ.","سَوِي جَمّ. كَمِضْبَط."
DLG_TUT_002,Kair,"Не беги! Бег тут — всё равно что крик.","Don't run! Out here, running is shouting.",NoiseAbove:0.7,Tense,/Game/Rakis/Audio/VO/DLG_TUT_002,3.2,,"Ḥā tafšul! Fašl hun — jahr.","حَا تَفْشُل! فَشْل هُن — جَهْر."
DLG_TUT_003,Kair,"Вот. Так и иди.","There. Walk like that.",SandWalk:Irregular,Calm,/Game/Rakis/Audio/VO/DLG_TUT_003,2.4,,"Hākā. Isrub hākā.","هَاكَا. إِسْرُب هَاكَا."
DLG_TUT_004,Kair,"Камень. Тут можно выдохнуть.","Rock. You can breathe here.",Surface:Rock,Calm,/Game/Rakis/Audio/VO/DLG_TUT_004,2.4,,"Ṣalt. Hun ḥūf.","صَلْت. هُن حُوف."
DLG_TUT_005,Ilva,"Ритм выдаёт вас раньше, чем голос.","Your rhythm gives you away before your voice does.",SandWalk:Regular,Calm,/Game/Rakis/Audio/VO/DLG_TUT_005,3.6,,"Ḍabṭukum yanummukum qubay naġmikum.","ضَبْطُكُم يَنُمُّكُم قُبَيْ نَغْمِكُم."
DLG_TUT_006,Kair,"Светлый песок гудит. Обходи.","Pale sand booms. Go around.",Surface:PackedSand,Tense,/Game/Rakis/Audio/VO/DLG_TUT_006,2.8,,"Tirb šahb yaṭbul. Dūr.","تِرْب شَهْب يَطْبُل. دُور."
DLG_A2_001,Rayn,"Долго ещё?","How much farther?",,Neutral,/Game/Rakis/Audio/VO/DLG_A2_001,1.9,DLG_A2_002,"Kaddi ūd?","كَدِّي أُود؟"
DLG_A2_002,Kair,"Сколько песок даст.","As far as the sand lets us.",,Calm,/Game/Rakis/Audio/VO/DLG_A2_002,2.6,,"Qaddi mā yanfil an-tirb.","قَدِّي مَا يَنْفِل أَنْ تِرْب."
DLG_A2_B01,Rayn,"Говорят, черви чуют воду в человеке. Правда?","They say worms can smell the water in a man. True?",ZoneEnter:A2_Erg,Neutral,/Game/Rakis/Audio/VO/DLG_A2_B01,4.4,DLG_A2_B02,"Yalkutū: an-hūl yanšuk nutf fu-nafr. Wakīd?","يَلْكُتُو: أَنْ هُول يَنْشُك نُتْف فُنَفْر. وَكِيد؟"
DLG_A2_B02,Kair,"Глупость они чуют. Её у нас много. Воды — мало.","They smell stupidity. We've plenty of that. Water, not so much.",,Wry,/Game/Rakis/Audio/VO/DLG_A2_B02,4.4,,"Balh yanšuq. Ladnā balh jamm — nuṭf nazr.","بَلْه يَنْشُق. لَدْنَا بَلْه جَمّ — نُطْف نَزْر."
DLG_A2_B03,Ilva,"Вы молитесь, Кайр, когда идёте через эрг?","Do you pray, Kair, when you cross the erg?",ZoneEnter:A2_Erg,Calm,/Game/Rakis/Audio/VO/DLG_A2_B03,4.0,DLG_A2_B04,"Kay taḥnubū, bā-Kayr, ḥīn tajzutū an-ʿarq?","كَيْ تَحْنُبُو، بَاكَيْر، حِين تَجْزُتُو أَنْ عَرْق؟"
DLG_A2_B04,Kair,"Камни считаю.","I count rocks.",,Neutral,/Game/Rakis/Audio/VO/DLG_A2_B04,1.9,DLG_A2_B05,"Aḥṣur ṣulūt.","أَحْصُر صُلُوت."
DLG_A2_B05,Ilva,"Жрецы сказали бы, что это одно и то же.","The priests would call that the same thing.",,Calm,/Game/Rakis/Audio/VO/DLG_A2_B05,3.6,DLG_A2_B06,"An-ḥanābin ġad yalqutū: hād ʿayn hād.","أَنْ حَنَابِن غَدْ يَلْقُتُو: هَاد عَيْن هَاد."
DLG_A2_B06,Kair,"Жрецы тут не ходят. До следующего — сорок шагов.","Priests don't walk out here. Next one's forty paces.",,Wry,/Game/Rakis/Audio/VO/DLG_A2_B06,4.2,,"An-ḥanābin maš yasrubū hun. An-qābil — rabaʿān sarb.","أَنْ حَنَابِن مَشْ يَسْرُبُو هُن. أَنْ قَابِل — رَبَعَان سَرْب."
DLG_A2_B07,Rayn,"Если Бог спит в каждом черве… которому из них молится Кин?","If God sleeps in every worm… which one does Keen pray to?",ZoneEnter:A2_Erg,Neutral,/Game/Rakis/Audio/VO/DLG_A2_B07,4.6,DLG_A2_B08,"Lin Il yašun fu-kull hūl… li-ayy yahnub Kīn?","لِن إِل يَشُن فُكُلّ هُول… لِأَيّ يَهْنُب كِين؟"
DLG_A2_B08,Kair,"Тому, что ближе к казне.","Whichever's nearest the treasury.",,Wry,/Game/Rakis/Audio/VO/DLG_A2_B08,2.6,DLG_A2_B09,"Li-dī aqrab ʿad an-khazn.","لِدِي أَقْرَب عَدْ أَنْ خَزْن."
DLG_A2_B09,Ilva,"Тише. Отсюда эхо доходит до самого храма.","Softly. From here the echo carries all the way to the temple.",,Calm,/Game/Rakis/Audio/VO/DLG_A2_B09,4.2,,"Bi-ḥašn. An-rajʿ yaʿtul mun hun ʿad Bayt-Il.","بِحَشْن. أَنْ رَجْع يَعْتُل مُن هُن عَدْ بَيْت إِل."
DLG_A2_B10,Rayn,"Костюм пьёт меня быстрее, чем поит.","This suit drinks me faster than it gives back.",MoistureBelow:0.5,Afraid,/Game/Rakis/Audio/VO/DLG_A2_B10,3.4,DLG_A2_B11,"Jildī yamussnī hafz mun mā yanfil.","جِلْدِي يَمُسُّنِي هَفْز مُن مَا يَنْفِل."
DLG_A2_B11,Kair,"Затяни горловину. И закрой рот.","Tighten the collar. And shut your mouth.",,Neutral,/Game/Rakis/Audio/VO/DLG_A2_B11,3.0,,"Zumm an-raqbat. Wa-ṣukk fummak.","زُمّ أَنْ رَقْبَت. وَصُكّ فُمَّك."
DLG_A2_B12,Ilva,"Вы находите камень не глядя.","You find the rock without looking.",Surface:Rock,Calm,/Game/Rakis/Audio/VO/DLG_A2_B12,3.0,DLG_A2_B13,"Taṣbunū an-ṣalt ʿurr ḥadq.","تَصْبُنُو أَنْ صَلْت عُرّ حَدْق."
DLG_A2_B13,Kair,"Ноги находят. Я за ними просто иду.","My feet find it. I just follow them.",,Wry,/Game/Rakis/Audio/VO/DLG_A2_B13,3.4,,"Adwāsī taṣbun. Ānu ardifhum ġīr.","أَدْوَاسِي تَصْبُن. آنُو أَرْدِفْهُم غِير."
DLG_A2_B14,Ilva,"Тень — тоже вода. Не проходите мимо, мастер Рэйн.","Shade is water too. Don't walk past it, Master Rayn.",MoistureBelow:0.35,Calm,/Game/Rakis/Audio/VO/DLG_A2_B14,3.8,,"An-ṭull nuṭf ayḍ. Ḥā tafūtūh, bā-Rayn.","أَنْ طُلّ نُطْف أَيْض. حَا تَفُوتُوه، بَارَيْن."
DLG_A2_B15,Rayn,"А правда, что ваши деды пили… всё? Даже…","Is it true your grandfathers drank… everything? Even…",ZoneEnter:A2_Erg,Neutral,/Game/Rakis/Audio/VO/DLG_A2_B15,4.2,DLG_A2_B16,"Kay wakīd… ajdādak massū… kull-mā? Ayd…","كَيْ وَكِيد… أَجْدَادَك مَسُّو… كُلّ مَا؟ أَيْد…"
DLG_A2_B16,Ilva,"Мастер Рэйн спрашивает так, будто записывает.","Master Rayn asks questions like he's taking notes.",,Wry,/Game/Rakis/Audio/VO/DLG_A2_B16,3.4,DLG_A2_B17,"Bā-Rayn yanšud ka-dī yakhuṭṭ.","بَارَيْن يَنْشُد كَدِي يَخُطّ."
DLG_A2_B17,Rayn,"Привычка. Хорошая память — хорошая цена.","Habit. Good memory, good prices.",,Wry,/Game/Rakis/Audio/VO/DLG_A2_B17,3.0,,"Dab. Nakš sāf — sawm sāf.","دَب. نَكْش سَاف — سَوْم سَاف."
DLG_A2_ARR_01,Kair,"Стоп. Слышите?","Hold it. Hear that?",,Tense,/Game/Rakis/Audio/VO/DLG_A2_ARR_01,2.4,DLG_A2_ARR_02,"Iṭmunū. Kay taṣnutū?","إِطْمُنُو. كَيْ تَصْنُتُو؟"
DLG_A2_ARR_02,Ilva,"Идёт прямо на нас. Не петляет.","It's coming straight at us. Not wandering.",,Whisper,/Game/Rakis/Audio/VO/DLG_A2_ARR_02,3.0,,"Yatūl ʿadnā sawī. Maš yadūr.","يَتُول عَدْنَا سَوِي. مَشْ يَدُور."
DLG_A2_ARR_03,Kair,"Дикие так не ходят… Стоять. Все.","Wild ones don't move like that… Stand still. All of you.",,Tense,/Game/Rakis/Audio/VO/DLG_A2_ARR_03,3.8,,"Ḥūl ṭalīq maš yasrub hākā… Iṭmunū. Kullukum.","حُول طَلِيق مَشْ يَسْرُب هَاكَا… إِطْمُنُو. كُلُّكُم."
DLG_A2_RIDER_01,Ossana,"Тень вам. Руку от ножа, проводник. Захоти я — он бы уже поел.","Shade on you. Hand off the knife, guide. If I'd wanted, he'd have eaten already.",,Wry,/Game/Rakis/Audio/VO/DLG_A2_RIDER_01,5.4,DLG_A2_RIDER_02,"Ṭull fūqkum. Kaffak mun an-sikk, musarrib. Lin baġayku — ḥaṭam qad.","طُلّ فُوقْكُم. كَفَّك مُن أَنْ سِكّ، مُسَرِّب. لِن بَغَيْكُو — حَطَم قَدْ."
DLG_A2_RIDER_02,Kair,"Наездница. А в Кине божатся, что вас нет.","A rider. And in Keen they swear you don't exist.",,Tense,/Game/Rakis/Audio/VO/DLG_A2_RIDER_02,3.6,DLG_A2_RIDER_03,"Qātibat. Wa-fu-Kīn yaʿhadū: maš tammukum.","قَاتِبَت. وَفُكِين يَعْهَدُو: مَشْ تَمُّكُم."
DLG_A2_RIDER_03,Ossana,"Кин много чем божится. Наиб знает, что вы идёте. С самого Гребня.","Keen swears to a lot of things. The naib knows you're coming. Has since the Ridge.",,Neutral,/Game/Rakis/Audio/VO/DLG_A2_RIDER_03,4.8,DLG_A2_RIDER_04,"Kīn yaʿhad jamm. An-Nāʾib yaʿluš: tatūlū. Mun an-Ḥarf.","كِين يَعْهَد جَمّ. أَنْ نَائِب يَعْلُش: تَتُولُو. مُن أَنْ حَرْف."
DLG_A2_RIDER_04,Rayn,"Он на меня смотрит… Глаз нет — а смотрит.","It's looking at me… It has no eyes, and it's looking.",,Afraid,/Game/Rakis/Audio/VO/DLG_A2_RIDER_04,3.6,DLG_A2_RIDER_05,"Yahdukni… Maš tamm ahdāk — wa yahduk.","يَهْدُكْنِي… مَشْ تَمّ أَهْدَاك — وَيَهْدُك."
DLG_A2_RIDER_05,Ossana,"На воду твою смотрит. Не трясись, купец. До вас десятинщики уже посылали двоих — весной. Не дошли.","It's looking at your water. Stop shaking, merchant. The tithe-men sent two before you — in spring. They never arrived.",,Neutral,/Game/Rakis/Audio/VO/DLG_A2_RIDER_05,7.0,DLG_A2_RIDER_06,"Nuṭfak yaḥduq. Ḥā tarʿuš, daššān. Šaḥanū an-ʿaššārīn tinā qubaykum — fu-zahr. Maš nākhū.","نُطْفَك يَحْدُق. حَا تَرْعُش، دَشَّان. شَحَنُو أَنْ عَشَّارِين تِنَا قُبَيْكُم — فُزَهْر. مَشْ نَاخُو."
DLG_A2_RIDER_06,Kair,"Двоих? Мы не зна—","Two? We didn't kn—",,Tense,/Game/Rakis/Audio/VO/DLG_A2_RIDER_06,1.6,DLG_A2_RIDER_07,"Tinā? Naḥ maš ʿalaš—","تِنَا؟ نَحْ مَشْ عَلَش—"
DLG_A2_RIDER_07,Ossana,"—ли. Знаю. С юга поднимается буря, к ночи будет здесь. Входите через Коготь — трещиной. Идите по крючьям.","—ow. I know. There's a storm coming up from the south; by nightfall it's here. Go in through the Claw — through the crack. Follow the hooks.",,Neutral,/Game/Rakis/Audio/VO/DLG_A2_RIDER_07,7.0,DLG_A2_RIDER_08,"—nu. ʿAlašku. ʿAjj ṭāliʿ mun an-Ḥarr, fu-ḥalk hun. Jūfū b-an-Ḍafr — b-an-falq. Irdifū an-ʿuqūf.","—نُو. عَلَشْكُو. عَجّ طَالِع مُن أَنْ حَرّ، فُحَلْك هُن. جُوفُو بَنْ ضَفْر — بَنْ فَلْق. إِرْدِفُو أَنْ عُقُوف."
DLG_A2_RIDER_08,Ilva,"Вы приехали не из-за бури. Вы приехали посмотреть.","You didn't come about the storm. You came to look at us.",,Calm,/Game/Rakis/Audio/VO/DLG_A2_RIDER_08,3.8,DLG_A2_RIDER_09,"Maš tulkun l-an-ʿajj. Tulkun li-taḥduqū.","مَشْ تُلْكُن لَنْ عَجّ. تُلْكُن لِتَحْدُقُو."
DLG_A2_RIDER_09,Rider1,"Оссана! Он не стоит!","Ossana! He won't hold still!",,Tense,/Game/Rakis/Audio/VO/DLG_A2_RIDER_09,2.0,DLG_A2_RIDER_10,"Ay Ossāna! Maš yaṭmun!","أَيْ أُسَّانَا! مَشْ يَطْمُن!"
DLG_A2_RIDER_10,Ossana,"А ты смотришь в ответ, паломница. И это наибу скажу. — По крючьям. Второй раз искать не станем.","And you look back, pilgrim. I'll tell the naib that too. — The hooks. We won't search twice.",,Wry,/Game/Rakis/Audio/VO/DLG_A2_RIDER_10,6.4,,"Wa-tū taḥduq ayḍ, qāṣidat. Hād ayḍ ġad alqutuh l-an-Nāʾib. An-ʿuqūf. Maš nanqub tinā-kurr.","وَتُو تَحْدُق أَيْض، قَاصِدَت. هَاد أَيْض غَدْ أَلْقُتُه لَنْ نَائِب. أَنْ عُقُوف. مَشْ نَنْقُب تِنَا كُرّ."
DLG_WRM_L01,Kair,"Замри. Не беги.","Freeze. Don't run.",WormState:Listening,Tense,/Game/Rakis/Audio/VO/DLG_WRM_L01,2.2,,"Iṭmun. Ḥā tafšul.","إِطْمُن. حَا تَفْشُل."
DLG_WRM_L02,Ilva,"Камень дрожит. Чувствуете?","The rock's trembling. Feel it?",WormState:Listening,Whisper,/Game/Rakis/Audio/VO/DLG_WRM_L02,2.8,,"An-ṣalt yarʿuš. Kay taḥussū?","أَنْ صَلْت يَرْعُش. كَيْ تَحُسُّو؟"
DLG_WRM_L03,Rayn,"Скажите… что это ветер. Прошу.","Tell me… that's the wind. Please.",WormState:Listening,Afraid,/Game/Rakis/Audio/VO/DLG_WRM_L03,3.0,,"Ilkut… hād an-hubb. Bi-tullak.","إِلْكُت… هَاد أَنْ هُبّ. بِتُلَّك."
DLG_WRM_A01,Kair,"К камню. Медленно. Шаг… и замри.","To the rock. Slowly. A step… and freeze.",WormState:Approach,Tense,/Game/Rakis/Audio/VO/DLG_WRM_A01,3.6,,"ʿAd an-ṣalt. Bi-hawn. Sarb… wa-iṭmun.","عَدْ أَنْ صَلْت. بِهَوْن. سَرْب… وَإِطْمُن."
DLG_WRM_A02,Rayn,"Я заплачу! Кому платить? Кому… кому тут платят?!","I'll pay! Who do I pay? Who… who gets paid out here?!",WormState:Approach,Afraid,/Game/Rakis/Audio/VO/DLG_WRM_A02,3.8,,"Ahlus! Li-mūn ahlus? Mūn… mūn yahlus hun?!","أَهْلُس! لِمُون أَهْلُس؟ مُون… مُون يَهْلُس هُن؟!"
DLG_WRM_A03,Ilva,"Страх тоже шумит, мастер Рэйн.","Fear makes noise too, Master Rayn.",WormState:Approach,Calm,/Game/Rakis/Audio/VO/DLG_WRM_A03,2.8,,"An-qušʿ ayḍ jahr, bā-Rayn.","أَنْ قُشْع أَيْض جَهْر، بَارَيْن."
DLG_WRM_S01,Kair,"Шай-Хулуд…","Shai-Hulud…",WormState:Surface,Reverent,/Game/Rakis/Audio/VO/DLG_WRM_S01,1.8,,"Šay-Ḥulūd…","شَيْ حُلُود…"
DLG_WRM_S02,Rayn,"Он… больше корабля.","It's… bigger than a ship.",WormState:Surface,Whisper,/Game/Rakis/Audio/VO/DLG_WRM_S02,2.6,,"Hū… adkham mun tayr.","هُو… أَدْخَم مُن تَيْر."
DLG_WRM_P01,Kair,"Дышите. Они остались с ним — а мы идём.","Breathe. They stayed with him — and we walk on.",,Calm,/Game/Rakis/Audio/VO/DLG_WRM_P01,3.4,DLG_WRM_P02,"Ḥūfū. Rabaḍū sāb an-Ḥūl. Naḥ nasrub.","حُوفُو. رَبَضُو سَاب أَنْ حُول. نَحْ نَسْرُب."
DLG_WRM_P02,Rayn,"Встал по её слову. Ни один чан… ни в одном чане такое не—","It stopped at her word. No vat… no vat could ever—",,Whisper,/Game/Rakis/Audio/VO/DLG_WRM_P02,3.8,DLG_WRM_P03,"Taman bi-luktah. Maš hawd… maš hawd tāk—","تَمَن بِلُكْتَه. مَشْ هَوْد… مَشْ هَوْد تَاك—"
DLG_WRM_P03,Ilva,"Чан, мастер Рэйн? Какой чан?","Vat, Master Rayn? What vat?",,Calm,/Game/Rakis/Audio/VO/DLG_WRM_P03,2.8,DLG_WRM_P04,"[Galach]",""
DLG_WRM_P04,Rayn,"Для воды. Чаны для воды. Торговое словечко.","For water. Water vats. Trade talk.",,Afraid,/Game/Rakis/Audio/VO/DLG_WRM_P04,3.0,,"[Galach]",""
DLG_THM_001,Kair,"Тампер даст нам пару вдохов. Не больше. Пошли.","The thumper buys us a few breaths. No more. Move.",Interact:Rakis.Thumper,Tense,/Game/Rakis/Audio/VO/DLG_THM_001,3.6,,"An-miḍbaṭ yanfil ḥawfāt. Ġīr. Iḥfuzū.","أَنْ مِضْبَط يَنْفِل حَوْفَات. غِير. إِحْفُزُو."
DLG_A3_001,Rayn,"Двоих. Она сказала — двоих. Что с ними стало?","Two. She said two. What happened to them?",,Neutral,/Game/Rakis/Audio/VO/DLG_A3_001,3.6,DLG_A3_002,"Tinā. Lakatat tinā. Šāl jarā lahum?","تِنَا. لَكَتَت تِنَا. شَال جَرَى لَهُم؟"
DLG_A3_002,Kair,"Она сказала — не дошли. Не сказала — умерли.","She said they didn't arrive. She didn't say they died.",,Neutral,/Game/Rakis/Audio/VO/DLG_A3_002,3.8,DLG_A3_003,"Laqatat: maš nākhū. Maš laqatat: khafatū.","لَقَتَت: مَشْ نَاخُو. مَشْ لَقَتَت: خَفَتُو."
DLG_A3_003,Ilva,"Вы их знали, Кайр?","Did you know them, Kair?",,Calm,/Game/Rakis/Audio/VO/DLG_A3_003,2.2,DLG_A3_004,"Kay ʿalaškunhum, bā-Kayr?","كَيْ عَلَشْكُنْهُم، بَاكَيْر؟"
DLG_A3_004,Kair,"…Одного. Он мне воду должен.","…One. He owes me water.",,Neutral,/Game/Rakis/Audio/VO/DLG_A3_004,3.0,DLG_A3_005,"…Ḥad. Nuṭfī ladayh.","…حَدْ. نُطْفِي لَدَيْه."
DLG_A3_005,Rayn,"Ну, может, он просто прячется от долга.","Well — maybe he's just hiding from the debt.",,Wry,/Game/Rakis/Audio/VO/DLG_A3_005,3.2,DLG_A3_006,"Fa — asā yaduss mun an-ġurm.","فَ — أَسَا يَدُسّ مُن أَنْ غُرْم."
DLG_A3_006,Ilva,"Мастер Рэйн.","Master Rayn.",,Tense,/Game/Rakis/Audio/VO/DLG_A3_006,1.6,DLG_A3_007,"Bā-Rayn.","بَارَيْن."
DLG_A3_007,Kair,"Пусть шутит. Пока шутит — идёт.","Let him joke. As long as he's joking, he's walking.",,Wry,/Game/Rakis/Audio/VO/DLG_A3_007,3.2,,"Ḥilluh yahzul. Mā yahzul — yasrub.","حِلُّه يَهْزُل. مَا يَهْزُل — يَسْرُب."
DLG_A3_010,Rayn,"Она спустилась по нему, как по лестнице. По живой лестнице.","She came down it like a staircase. A living staircase.",,Neutral,/Game/Rakis/Audio/VO/DLG_A3_010,3.6,DLG_A3_011,"Hadarat fūkuh ka-darj. Darj hayy.","هَدَرَت فُوكُه كَدَرْج. دَرْج هَيّ."
DLG_A3_011,Kair,"Лестница не пытается тебя сбросить.","A staircase doesn't try to throw you.",,Wry,/Game/Rakis/Audio/VO/DLG_A3_011,2.8,DLG_A3_012,"An-darj maš yabġī yaṭraḥak.","أَنْ دَرْج مَشْ يَبْغِي يَطْرَحَك."
DLG_A3_012,Rayn,"А на вас она смотрела дольше всех, сестра.","And she looked at you longest of all, sister.",,Wry,/Game/Rakis/Audio/VO/DLG_A3_012,3.2,DLG_A3_013,"Wa-hadakatkum amadd mun kull, halīt.","وَهَدَكَتْكُم أَمَدّ مُن كُلّ، هَلِيت."
DLG_A3_013,Ilva,"Она смотрела на всех. Просто мне позволила это заметить.","She looked at everyone. She just let me notice.",,Calm,/Game/Rakis/Audio/VO/DLG_A3_013,3.6,,"Ḥadaqat kull. Ġīr — ḥallatnī anbuh.","حَدَقَت كُلّ. غِير — حَلَّتْنِي أَنْبُه."
DLG_A3_020,Kair,"Юг. Видите? Желтеет. Не соврала.","South. See it? Going yellow. She didn't lie.",,Tense,/Game/Rakis/Audio/VO/DLG_A3_020,3.4,DLG_A3_021,"An-Ḥarr. Taḥduqū? Yaṣfarr. Maš māhat.","أَنْ حَرّ. تَحْدُقُو؟ يَصْفَرّ. مَشْ مَاهَت."
DLG_A3_021,Ilva,"А вы ждали, что соврёт?","Did you expect her to?",,Calm,/Game/Rakis/Audio/VO/DLG_A3_021,2.2,DLG_A3_022,"Kay hadankun hād, bā-Kayr?","كَيْ هَدَنْكُن هَاد، بَاكَيْر؟"
DLG_A3_022,Kair,"Я из Кина, сестра. Я этого жду от всех.","I'm from Keen, sister. I expect it of everyone.",,Wry,/Game/Rakis/Audio/VO/DLG_A3_022,3.2,,"Ānu Kīnī, ḥalīt. Ahdun hād mun kull.","آنُو كِينِي، حَلِيت. أَهْدُن هَاد مُن كُلّ."
DLG_A3_030,Rayn,"Если наиб знает, что мы идём… он знает и зачем?","If the naib knows we're coming… does he know why?",ZoneEnter:A3_Approach,Neutral,/Game/Rakis/Audio/VO/DLG_A3_030,3.8,DLG_A3_031,"Lin an-Nayib yaluš natūl… kay yaluš lišāl?","لِن أَنْ نَايِب يَلُش نَتُول… كَيْ يَلُش لِشَال؟"
DLG_A3_031,Kair,"Зачем — знаю только я. Я и то, что я несу.","Why — only I know. Me, and what I'm carrying.",,Tense,/Game/Rakis/Audio/VO/DLG_A3_031,3.6,DLG_A3_032,"Lišāl — ānu ġīr aʿluš. Ānu wa-dī aʿtul.","لِشَال — آنُو غِير أَعْلُش. آنُو وَدِي أَعْتُل."
DLG_A3_032,Ilva,"И тот, кто вас послал. И, похоже, наиб.","And whoever sent you. And, it seems, the naib.",,Wry,/Game/Rakis/Audio/VO/DLG_A3_032,3.4,,"Wa-dī šaḥankum. Wa — ka-mā yabān — an-Nāʾib.","وَدِي شَحَنَكُم. وَ — كَمَا يَبَان — أَنْ نَائِب."
DLG_A3_040,Kair,"Жрецы говорили: в пустыне нет людей. Только Бог.","The priests said there were no people in the desert. Only God.",ZoneEnter:A3_Approach,Whisper,/Game/Rakis/Audio/VO/DLG_A3_040,4.2,DLG_A3_041,"Laqatū an-ḥanābin: f-an-ṣaḥr maš tamm ḍumm. Ġīr Il.","لَقَتُو أَنْ حَنَابِن: فَنْ صَحْر مَشْ تَمّ ضُمّ. غِير إِل."
DLG_A3_041,Ilva,"А Бог, выходит, возит людей на спине.","And God, it turns out, carries people on His back.",,Wry,/Game/Rakis/Audio/VO/DLG_A3_041,3.6,DLG_A3_042,"Wa-Il — ka-mā yabān — yaʿtul ḍumm fūq ḍahruh.","وَإِل — كَمَا يَبَان — يَعْتُل ضُمّ فُوق ضَهْرُه."
DLG_A3_042,Rayn,"И стоит, когда велят. Это… это меняет цены.","And stands still when told. That… that changes prices.",,Neutral,/Game/Rakis/Audio/VO/DLG_A3_042,3.8,,"Wa-yatmun hīn yalkutūh. Hād… hād yaklub an-sawm.","وَيَتْمُن هِين يَلْكُتُوه. هَاد… هَاد يَكْلُب أَنْ سَوْم."
DLG_A4_001,Kair,"Крючья. Три насечки, свежие. Тропа начинается тут.","Hooks. Three notches, fresh. The path starts here.",,Calm,/Game/Rakis/Audio/VO/DLG_A4_001,3.8,DLG_A4_002,"ʿUqūf. Šalt ḥuzūz, ṭarī. Hun — masrab.","عُقُوف. شَلْت حُزُوز، طَرِي. هُن — مَسْرَب."
DLG_A4_002,Rayn,"Тропа? Это… стена.","A path? That is… a wall.",,Afraid,/Game/Rakis/Audio/VO/DLG_A4_002,2.0,DLG_A4_003,"Masrab? Hād… jāl.","مَسْرَب؟ هَاد… جَال."
DLG_A4_003,Kair,"Стена — для тех, кто спешит. Мы — по ступеням.","A wall is for those in a hurry. We take the steps.",,Wry,/Game/Rakis/Audio/VO/DLG_A4_003,3.2,,"Jāl — li-dī yaḥfuz. Naḥ — b-an-darj.","جَال — لِدِي يَحْفُز. نَحْ — بَنْ دَرْج."
DLG_B1_001,Guard,"Маски. Воду тут не дарят.","Masks. Nobody gives water away here.",,Neutral,/Game/Rakis/Audio/VO/DLG_B1_001,2.8,DLG_B1_002,"Aqnāʿ. Hun nuṭf maš nanfil.","أَقْنَاع. هُن نُطْف مَشْ نَنْفِل."
DLG_B1_002,Guard,"Горловины покажите. Кто течёт — сидит у двери до утра.","Show me your collars. Whoever leaks sits by the door till morning.",,Neutral,/Game/Rakis/Audio/VO/DLG_B1_002,4.6,DLG_B1_003,"Raqbātkum — bayyinū. Dī yanzif, yarbuḍ lad an-sadd ʿad bakr.","رَقْبَاتْكُم — بَيِّنُو. دِي يَنْزِف، يَرْبُض لَدْ أَنْ سَدّ عَدْ بَكْر."
DLG_B1_003,Rayn,"У меня новый. Очень хороший.","Mine's new. A very good one.",,Afraid,/Game/Rakis/Audio/VO/DLG_B1_003,2.4,DLG_B1_004,"Dīlī tarī. Sāf jamm.","دِيلِي تَرِي. سَاف جَمّ."
DLG_B1_004,Guard,"Кинский. Значит, плохой. Подтяни на палец.","Keen-made. Which means bad. A finger tighter.",,Wry,/Game/Rakis/Audio/VO/DLG_B1_004,3.2,,"Kīnī. Fa — ʿakir. Zumm unmul.","كِينِي. فَ — عَكِر. زُمّ أُنْمُل."
DLG_B2_C01,Crowd,"Говорят, Шиана разговаривает с Шайтаном.","They say Sheeana talks with Shaitan.",ZoneEnter:B2_Gallery,Whisper,/Game/Rakis/Audio/VO/DLG_B2_C01,3.2,DLG_B2_C02,"Yalqutū: Šiyāna taḥšun sāb Šayṭān.","يَلْقُتُو: شِيَانَا تَحْشُن سَاب شَيْطَان."
DLG_B2_C02,Crowd,"Разговаривает. А он слушает. Вот что страшно.","She talks. And he listens. That's the frightening part.",,Whisper,/Game/Rakis/Audio/VO/DLG_B2_C02,3.4,,"Taḥšun. Wa-hū yaṣnut. Hād an-muqšiʿ.","تَحْشُن. وَهُو يَصْنُت. هَاد أَنْ مُقْشِع."
DLG_B2_C03,Crowd,"Кин опять берёт десятину водой.","Keen's taking the tithe in water again.",ZoneEnter:B2_Gallery,Angry,/Game/Rakis/Audio/VO/DLG_B2_C03,2.8,DLG_B2_C04,"Kīn yalḥuf an-ʿušr nuṭf ʿūd.","كِين يَلْحُف أَنْ عُشْر نُطْف عُود."
DLG_B2_C04,Crowd,"Пусть берёт. С нас капля — с них спросится.","Let it. A drop from us — a reckoning from them.",,Angry,/Game/Rakis/Audio/VO/DLG_B2_C04,3.2,DLG_B2_C05,"Ḥilluh. Munnā nuṭfat — munhum ḥiṣr.","حِلُّه. مُنَّا نُطْفَت — مُنْهُم حِصْر."
DLG_B2_C05,Crowd,"Твоя «капля» — кувшин моих детей, умник.","Your “drop” is my children's jar, clever.",,Angry,/Game/Rakis/Audio/VO/DLG_B2_C05,3.0,DLG_B2_C06,"Nuṭfatak qull ṣiġāġī, ay ḥādiq.","نُطْفَتَك قُلّ صِغَاغِي، أَيْ حَادِق."
DLG_B2_C06,Crowd,"Тихо. Чужие.","Quiet. Strangers.",,Whisper,/Game/Rakis/Audio/VO/DLG_B2_C06,1.8,,"Ḥašš. Barriyyīn.","حَشّ. بَرِّيِّين."
DLG_B2_C07,Crowd,"Над Кином видели корабль. Без огней.","Someone saw a ship over Keen. No lights.",ZoneEnter:B2_Gallery,Whisper,/Game/Rakis/Audio/VO/DLG_B2_C07,3.0,DLG_B2_C08,"Ḥadaqū ṭayr fūq Kīn. ʿUrr nūr.","حَدَقُو طَيْر فُوق كِين. عُرّ نُور."
DLG_B2_C08,Crowd,"Досточтимые… — Цыц. Не под камнем.","The Honored— —Hush. Not under stone.",,Afraid,/Game/Rakis/Audio/VO/DLG_B2_C08,2.8,,"An-Mukarra— —Ṣukk. Maš duḥ ṣalt.","أَنْ مُكَرَّ— —صُكّ. مَشْ دُحْ صَلْت."
DLG_B2_B01,Rayn,"Сколько их тут? Сотня? Две? И все — из одной цистерны?","How many live here? A hundred? Two? All from one cistern?",ZoneEnter:B2_Gallery,Neutral,/Game/Rakis/Audio/VO/DLG_B2_B01,4.4,DLG_B2_B02,"Kaddi hun? Mīt? Mītān? Wa-kull mun sihr had?","كَدِّي هُن؟ مِيت؟ مِيتَان؟ وَكُلّ مُن سِهْر هَد؟"
DLG_B2_B02,Kair,"Чужую воду вслух не считают, Рэйн.","You don't count other people's water out loud, Rayn.",,Tense,/Game/Rakis/Audio/VO/DLG_B2_B02,3.2,,"Nuṭf ġayrak maš yuḥṣar bi-jahr, ay Rayn.","نُطْف غَيْرَك مَشْ يُحْصَر بِجَهْر، أَيْ رَيْن."
DLG_B2_B03,Ilva,"Посмотрите на детей. Играют в то, что мы видели утром.","Look at the children. They're playing at what we saw this morning.",ZoneEnter:B2_Gallery,Calm,/Game/Rakis/Audio/VO/DLG_B2_B03,4.2,DLG_B2_B04,"Iḥduqū an-ṣiġāġ. Yazrufū dī ḥadaqnu f-an-bakr.","إِحْدُقُو أَنْ صِغَاغ. يَزْرُفُو دِي حَدَقْنُو فَنْ بَكْر."
DLG_B2_B04,Kair,"В Кине дети играют в жрецов.","In Keen, children play at priests.",,Neutral,/Game/Rakis/Audio/VO/DLG_B2_B04,2.6,DLG_B2_B05,"Fu-Kīn an-ṣiġāġ yazrufū ḥanābin.","فُكِين أَنْ صِغَاغ يَزْرُفُو حَنَابِن."
DLG_B2_B05,Ilva,"И кем вырастают?","And what do they grow into?",,Calm,/Game/Rakis/Audio/VO/DLG_B2_B05,2.0,,"Wa-yašibbū šāl?","وَيَشِبُّو شَال؟"
DLG_B2_B06,Rayn,"Сестра, а куда здесь… девают мёртвых?","Sister, where do they… put the dead here?",ZoneEnter:B2_Gallery,Neutral,/Game/Rakis/Audio/VO/DLG_B2_B06,3.6,DLG_B2_B07,"Halīt, tayn yahuttū… an-khufūt hun?","هَلِيت، تَيْن يَهُتُّو… أَنْ خُفُوت هُن؟"
DLG_B2_B07,Ilva,"Туда, куда вам смотреть не нужно, мастер.","Somewhere you needn't look, Master.",,Calm,/Game/Rakis/Audio/VO/DLG_B2_B07,3.0,,"Tayn maš ḥatm taḥduqū, bā-Rayn.","تَيْن مَشْ حَتْم تَحْدُقُو، بَارَيْن."
DLG_B2_B08,Kair,"Тот же червь, что и в Кине. Почему же им я верю больше?","Same worm as in Keen. So why do I believe them more?",ZoneEnter:B2_Gallery,Whisper,/Game/Rakis/Audio/VO/DLG_B2_B08,4.6,,"ʿAyn an-Ḥūl dī fu-Kīn. Fa-lišāl atqulhum ajamm?","عَيْن أَنْ حُول دِي فُكِين. فَلِشَال أَتْقُلْهُم أَجَمّ؟"
DLG_B2_B09,Rayn,"Глаза у всех синие. Даже у детей. Сколько же пряности в этом воздухе?","Everyone's eyes are blue. Even the children's. How much spice is in this air?",ZoneEnter:B2_Gallery,Neutral,/Game/Rakis/Audio/VO/DLG_B2_B09,5.0,DLG_B2_B10,"Ahdāk kullhum nīl. Ayd an-siġāġ. Kaddi mālanj fu-hād an-nasm?","أَهْدَاك كُلُّهُم نِيل. أَيْد أَنْ سِغَاغ. كَدِّي مَالَنْج فُهَاد أَنْ نَسْم؟"
DLG_B2_B10,Ilva,"Достаточно, чтобы вы перестали считать.","Enough that you might stop counting.",,Wry,/Game/Rakis/Audio/VO/DLG_B2_B10,3.0,,"Ḥasb — ʿasā taṭmunū mun an-ḥiṣr.","حَسْب — عَسَى تَطْمُنُو مُن أَنْ حِصْر."
DLG_B3_001,Ilva,"Не смотрите на воду так долго. Здесь это оскорбление.","Don't stare at the water so long. Here, that's an insult.",,Whisper,/Game/Rakis/Audio/VO/DLG_B3_001,4.0,DLG_B3_002,"[Galach]",""
DLG_B3_002,Rayn,"Я только… считал.","I was only… counting.",,Afraid,/Game/Rakis/Audio/VO/DLG_B3_002,2.2,DLG_B3_003,"[Galach]",""
DLG_B3_003,Ilva,"Знаю. Это и видно.","I know. That's what shows.",,Calm,/Game/Rakis/Audio/VO/DLG_B3_003,2.4,,"[Galach]",""
DLG_B4_001,Kair,"Решётка старше Кина. Старше Церкви. Может, старше и Бога в черве.","This grate is older than Keen. Older than the Church. Maybe older than the God in the worm.",Interact:Rakis.POI.LORE_Cistern_Grate,Whisper,/Game/Rakis/Audio/VO/DLG_B4_001,5.8,,"An-šabk aqdam mun Kīn. Aqdam mun an-Ḥanābin. ʿAsā — aqdam mun Il f-an-Ḥūl.","أَنْ شَبْك أَقْدَم مُن كِين. أَقْدَم مُن أَنْ حَنَابِن. عَسَى — أَقْدَم مُن إِل فَنْ حُول."
DLG_B5_001,Crowd,"Ру… ру… ру…","Ru… ru… ru…",,Reverent,/Game/Rakis/Audio/VO/DLG_B5_001,4.0,,"Rū… rū… rū…","رُو… رُو… رُو…"
DLG_B5_P01,Priestess,"Спящий внизу, Спящий внизу — мы храним твою тишину.","Sleeper below, Sleeper below — we keep your silence.",,Reverent,/Game/Rakis/Audio/VO/DLG_B5_P01,7.0,DLG_B5_P02,"Ō Šāʾin duḥ, ō Šāʾin duḥ — naʿqud ḥašnak… rū.","أُو شَائِن دُحْ، أُو شَائِن دُحْ — نَعْقُد حَشْنَك… رُو."
DLG_B5_P02,Priestess,"Песок помнит ступню, ступню, что не стучала.","The sand remembers the foot, the foot that did not knock.",,Reverent,/Game/Rakis/Audio/VO/DLG_B5_P02,7.0,DLG_B5_P03,"Yanquš an-tirb dawsan, dawsan maš ḍabaṭ… rū.","يَنْقُش أَنْ تِرْب دَوْسَن، دَوْسَن مَشْ ضَبَط… رُو."
DLG_B5_P03,Priestess,"Раздели нас, раздели нас, как Ты разделил Себя.","Divide us, divide us, as You divided Yourself.",,Reverent,/Game/Rakis/Audio/VO/DLG_B5_P03,7.0,DLG_B5_P04,"Išṭurnā, išṭurnā — ka-mā šaṭarka ʿaynak… rū.","إِشْطُرْنَا، إِشْطُرْنَا — كَمَا شَطَرْكَ عَيْنَك… رُو."
DLG_B5_P04,Priestess,"Дитя поёт, поёт — и пустыня отвечает.","The child sings, sings — and the desert answers.",,Reverent,/Game/Rakis/Audio/VO/DLG_B5_P04,7.0,DLG_B5_P05,"Tawill an-ṣuġat, tawill — wa-yaʿqub an-ṣaḥr… rū.","تَوِلّ أَنْ صُغَت، تَوِلّ — وَيَعْقُب أَنْ صَحْر… رُو."
DLG_B5_P05,Priestess,"Тишина… тише.","Silence… hush.",,Reverent,/Game/Rakis/Audio/VO/DLG_B5_P05,5.0,,"Ḥašn… rū.","حَشْن… رُو."
DLG_B5_010,Ilva,"Смотрите на её ноги. Ни один шаг не повторился.","Watch her feet. Not one step has repeated.",,Whisper,/Game/Rakis/Audio/VO/DLG_B5_010,3.4,DLG_B5_011,"Iḥduqū adwāsah. Maš karrat sarb ḥad.","إِحْدُقُو أَدْوَاسَه. مَشْ كَرَّت سَرْب حَدْ."
DLG_B5_011,Rayn,"Как она не сбивается?","How does she never lose the beat?",,Whisper,/Game/Rakis/Audio/VO/DLG_B5_011,2.4,DLG_B5_012,"Kufa maš takhfut an-dabt?","كُفَا مَشْ تَخْفُت أَنْ دَبْت؟"
DLG_B5_012,Kair,"Сбиваться не с чего. У неё нет такта.","There's nothing to lose. She never had a beat.",,Reverent,/Game/Rakis/Audio/VO/DLG_B5_012,3.6,,"Maš tamm šāl takhfut. Ḍabṭ — maš bāt ladayhā.","مَشْ تَمّ شَال تَخْفُت. ضَبْط — مَشْ بَات لَدَيْهَا."
DLG_B5_020,Ossana,"Досточтимый. Кинские. Пришли по крючьям — и не побежали.","Honored one. The ones from Keen. They came by the hooks — and didn't run.",,Neutral,/Game/Rakis/Audio/VO/DLG_B5_020,4.4,DLG_B5_H01,"Rāʿim. An-Kīniyyīn. Tālū b-an-ʿuqūf — wa-maš fašalū.","رَاعِم. أَنْ كِينِيِّين. تَالُو بَنْ عُقُوف — وَمَشْ فَشَلُو."
DLG_B5_H01,Harmat,"Из Кина, значит. От тех, кто сменял Бога на воду. …Ну. Показывай, что принёс, проводник.","From Keen, then. From those who traded God for water. …Well. Show me what you've brought, guide.",,Reverent,/Game/Rakis/Audio/VO/DLG_B5_H01,7.0,,"Mun Kīn, fa. Mun dī dašanū Il bi-nuṭf. …Ḥasb. Bayyin dī zudka, ay musarrib.","مُن كِين، فَ. مُن دِي دَشَنُو إِل بِنُطْف. …حَسْب. بَيِّن دِي زُدْكَ، أَيْ مُسَرِّب."
DLG_A5_001,Kair,"Видите крючья? Старше Кина — а держат.","See the hooks? Older than Keen — and they still hold.",,Calm,/Game/Rakis/Audio/VO/DLG_A5_001,3.4,DLG_A5_002,"Kay taḥduqū an-ʿuqūf? Aqdam mun Kīn — wa-yaʿqud.","كَيْ تَحْدُقُو أَنْ عُقُوف؟ أَقْدَم مُن كِين — وَيَعْقُد."
DLG_A5_002,Rayn,"Я… боюсь. Тут высоко. Очень.","I… am afraid. It is high here. Very.",,Afraid,/Game/Rakis/Audio/VO/DLG_A5_002,2.8,DLG_A5_003,"Ānu… yakša. Fūk — jamm.","آنُو… يَكْشَ. فُوك — جَمّ."
DLG_A5_003,Ilva,"Не смотрите вниз, мастер Рэйн. Смотрите на руки Кайра.","Don't look down, Master Rayn. Watch Kair's hands.",,Calm,/Game/Rakis/Audio/VO/DLG_A5_003,3.8,,"Ḥā taḥduqū duḥ, bā-Rayn. Iḥduqū ʿad kaff Kayr.","حَا تَحْدُقُو دُحْ، بَارَيْن. إِحْدُقُو عَدْ كَفّ كَيْر."
DLG_A5_005,Ilva,"Снизу тропу не видно. Её прятали — и камнем, и тенью.","The path cannot be seen from below. It was hidden — by stone and by shade.",,Calm,/Game/Rakis/Audio/VO/DLG_A5_005,4.2,,"An-masrab maš yabān mun duḥ. Dassūh — b-an-ṣalt wa-b-an-ṭull.","أَنْ مَسْرَب مَشْ يَبَان مُن دُحْ. دَسُّوه — بَنْ صَلْت وَبَنْ طُلّ."
DLG_A6_001,Kair,"Вот щель. Её не найти.","There's the cleft. Nobody finds it.",,Whisper,/Game/Rakis/Audio/VO/DLG_A6_001,2.4,DLG_A6_002,"Hun an-falq. Maš nafr yaṣbunuh.","هُن أَنْ فَلْق. مَشْ نَفْر يَصْبُنُه."
DLG_A6_002,Ilva,"Тень — дверь. Значит, мы пришли.","Shade is a door. So — we have arrived.",,Calm,/Game/Rakis/Audio/VO/DLG_A6_002,2.6,DLG_A6_003,"An-ṭull sadd. Fa — tulnu.","أَنْ طُلّ سَدّ. فَ — تُلْنُ."
DLG_A6_003,Rayn,"Тень… хорошо.","Shade… good.",,Wry,/Game/Rakis/Audio/VO/DLG_A6_003,1.8,,"Tull… sāf.","تُلّ… سَاف."
DLG_B3_C01,Rayn,"Каждая занавеска — чей-то дом?","Is every curtain someone's home?",,Whisper,/Game/Rakis/Audio/VO/DLG_B3_C01,2.6,DLG_B3_C03,"Kumš… kull kumš — bayt?","كُمْش… كُلّ كُمْش — بَيْت؟"
DLG_B3_C03,Crowd,"Тише. Они спят.","Hush. They are sleeping.",,Whisper,/Game/Rakis/Audio/VO/DLG_B3_C03,1.8,DLG_B3_C02,"Ḥašš. Šānū.","حَشّ. شَانُو."
DLG_B3_C02,Kair,"Ткань — дверь. Задёрнута — нельзя.","Cloth is a door. Drawn shut — you may not.",,Neutral,/Game/Rakis/Audio/VO/DLG_B3_C02,2.8,DLG_B3_C04,"Qumš — sadd. Zamm — maš ṭāq.","قُمْش — سَدّ. زَمّ — مَشْ طَاق."
DLG_B3_C04,Ilva,"Пять семей на нишу. Они делят всё — и тишину тоже.","Five families to a niche. They share everything — silence too.",,Calm,/Game/Rakis/Audio/VO/DLG_B3_C04,4.0,,"Khaṣ ʾahl f-an-našš. Yašṭurū kull — w-an-ḥašn ayḍ.","خَصْ أَهْل فَنْ نَشّ. يَشْطُرُو كُلّ — وَنْ حَشْن أَيْض."
DLG_C1_001,Ilva,"Живое растёт здесь, между камней.","Something alive grows here, between the stones.",,Calm,/Game/Rakis/Audio/VO/DLG_C1_001,3.0,DLG_C1_002,"Ḥayy yašibb hun, bayn an-ṣulūt.","حَيّ يَشِبّ هُن، بَيْن أَنْ صُلُوت."
DLG_C1_002,Rayn,"Вода… плещется. Правда — вода?","Water… splashing. Is it really water?",,Wry,/Game/Rakis/Audio/VO/DLG_C1_002,2.8,,"Nutf… tašš. Wakīd nutf?","نُتْف… تَشّ. وَكِيد نُتْف؟"
DLG_C1_003,Kair,"Птицы. Живые. Не топай, Рэйн.","Birds. Living ones. Don't stomp, Rayn.",,Wry,/Game/Rakis/Audio/VO/DLG_C1_003,2.8,DLG_C1_004,"Ṭayr ḥayy. Ḥā taḍbuṭ, ay Rayn.","طَيْر حَيّ. حَا تَضْبُط، أَيْ رَيْن."
DLG_C1_004,Ilva,"Это тоже укрытие — только без камня над ним.","This is a refuge too — only with no rock above it.",,Calm,/Game/Rakis/Audio/VO/DLG_C1_004,3.6,,"Hād ayḍ tabr — bayd maš ṣalt fūquh.","هَاد أَيْض تَبْر — بَيْد مَشْ صَلْت فُوقُه."
LORE_Carving_Fremen,Lore,"Фрименская резьба, древнейший слой. Червь и два крюка, линии стёрты ладонями до блеска. Под ними знаки: «Взяли у песка только тень — вернём её на закате».","Fremen carving, the oldest layer. A worm and two hooks, the lines rubbed to a shine by palms. Beneath, the signs: “We took only shade from the sand — we will return it at sundown.”",Interact:Rakis.POI.LORE_Carving_Fremen,Neutral,/Game/Rakis/Audio/VO/LORE_Carving_Fremen,0.0,,"Laḥafnu mun an-tirb ġīr ṭull — f-an-ġurb ġad nakurruh.","لَحَفْنُو مُن أَنْ تِرْب غِير طُلّ — فَنْ غُرْب غَدْ نَكُرُّه."
LORE_Quizarate_Sigil,Lore,"Печать Квизарата, врезанная прямо поверх старой резьбы: кулак, сжимающий кольцо червя. Надпись сбита наполовину: «…ВСЯ ВОДА — ЕМУ, И ЧЕРЕЗ НАС…». Рядом кто-то нацарапал крошечную каплю.","A Qizarate seal, cut straight over the older carving: a fist closed around a worm's ring. The inscription is half chiselled away: “…ALL WATER IS HIS, AND THROUGH US…” Beside it someone has scratched a tiny drop.",Interact:Rakis.POI.LORE_Quizarate_Sigil,Neutral,/Game/Rakis/Audio/VO/LORE_Quizarate_Sigil,0.0,,"…kull an-nuṭf lah, wa-binā…","…كُلّ أَنْ نُطْف لَه، وَبِنَا…"
LORE_Revivalist_Mural,Lore,"Роспись возрожденцев, свежая и неумелая. Девочка в синем стоит перед червём; червь нарисован улыбающимся — художник явно не видел его вблизи. Подпись охрой: «Она не побоялась. Научимся и мы».","A revivalist mural, fresh and clumsy. A girl in blue stands before a worm; the worm is painted smiling — the artist has plainly never seen one up close. Ochre letters: “She was not afraid. We will learn.”",Interact:Rakis.POI.LORE_Revivalist_Mural,Neutral,/Game/Rakis/Audio/VO/LORE_Revivalist_Mural,0.0,,"Maš qašaʿat. Ġad naṣqul.","مَشْ قَشَعَت. غَدْ نَصْقُل."
LORE_Cistern_Grate,Lore,"Кованая решётка цистерны, старше самого сиетча. На прутьях зарубки — каждая отмечает воду, отданную общине. Зарубок больше, чем сейчас людей в Табр-ан-Нуре. На перекладине одно слово: «Помни».","The cistern grate, wrought iron older than the sietch itself. The bars are notched — each notch marks water given to the community. There are more notches than there are people in Tabr-an-Nur today. On the crossbar, a single word: “Remember.”",Interact:Rakis.POI.LORE_Cistern_Grate,Neutral,/Game/Rakis/Audio/VO/LORE_Cistern_Grate,0.0,,"Inquš.","إِنْقُش."
LORE_Thumper_Rack,Lore,"Стойка тамперов. Пружины смазаны, колотушки обмотаны кожей, чтобы не звенели раньше времени. На одном детские буквы: «МОЙ. НЕ ТРОГАТЬ. ОН ПРИДЁТ КО МНЕ».","A thumper rack. Springs oiled, strikers bound in hide so they won't ring before their time. One bears a child's letters: “MINE. DON'T TOUCH. HE WILL COME TO ME.”",Interact:Rakis.POI.LORE_Thumper_Rack,Neutral,/Game/Rakis/Audio/VO/LORE_Thumper_Rack,0.0,,"Dīlī. Ḥā tankuf. Ġad yatūl ʿadī.","دِيلِي. حَا تَنْكُف. غَدْ يَتُول عَدِي."
LORE_Shiana_Shrine,Lore,"Ниша Шианы. Обрывок синей ленты, горсть песка в чаше, сухой цветок из кинской оранжереи — судя по сорванной пломбе, украденный. Лица нет. Рядом нацарапано: «Живому лицу не место на стене».","Sheeana's niche. A scrap of blue ribbon, a handful of sand in a bowl, a dried flower from a Keen hothouse — stolen, judging by the torn seal. No face. Scratched beside it: “A living face has no place on a wall.”",Interact:Rakis.POI.LORE_Shiana_Shrine,Neutral,/Game/Rakis/Audio/VO/LORE_Shiana_Shrine,0.0,,"Muḥayy ḥayy maš l-an-jāl.","مُحَيّ حَيّ مَشْ لَنْ جَال."
LORE_Water_Rings,Lore,"Связка водяных колец на шнуре: каждое — счёт воды, отданной общине. Старейшие кольца стёрты до гладкости. Их владельцев никто не помнит, но их воду пьют до сих пор. На узле бирка: «Их вода — в нас».","A cord of water rings, each one a tally of water given to the community. The oldest are worn smooth. No one remembers their owners, yet their water is still being drunk. A tag on the knot: “Their water is in us.”",Interact:Rakis.POI.LORE_Water_Rings,Neutral,/Game/Rakis/Audio/VO/LORE_Water_Rings,0.0,,"Nuṭfuhum funā.","نُطْفُهُم فُنَا."
LORE_Maker_Hooks,Lore,"Крючья творца: новые древки, старые наконечники. Сталь на остриях тёмная и тонкая — её точили поколения. Три насечки Оссаны стоят на двух крюках из пяти; под ними процарапано: «Идите следом».","Maker hooks: new shafts, old heads. The steel at the points is dark and thin — generations have honed it. Ossana's mark, three notches, is cut into two hooks of the five; beneath it, scratched: “Follow.”",Interact:Rakis.POI.LORE_Maker_Hooks,Neutral,/Game/Rakis/Audio/VO/LORE_Maker_Hooks,0.0,,"Irdifū.","إِرْدِفُو."
LORE_Harvester_Wreck,Lore,"Остов старого комбайна пряности, наполовину съеденный песком. Краска сошла до металла, гусеницы — как рёбра. На кабине процарапано: «Шайтан забрал машину и оставил нам тень». Под остовом и правда прохладно.","The hulk of an old spice harvester, half eaten by sand. Paint scoured down to metal, the treads like ribs. Scratched into the cab: “Shaitan took the machine and left us its shade.” It is, in fact, cool underneath.",Interact:Rakis.POI.LORE_Harvester_Wreck,Neutral,/Game/Rakis/Audio/VO/LORE_Harvester_Wreck,0.0,,"Laḥaf Šayṭān an-ḥadīd — wa-ḥall lanā ṭulluh.","لَحَف شَيْطَان أَنْ حَدِيد — وَحَلّ لَنَا طُلُّه."
LORE_Dead_Maker,Lore,"Кольца мёртвого червя, выбеленные солнцем, торчат из дюны, как арки забытого храма. Каждое кольцо выше человека втрое. Паломники оставили у ближнего кольца горсть сухих фиников — подношение или память. На кольце нацарапано: «Спящий — тише».","The rings of a dead worm, bleached by the sun, rise from the dune like the arches of a forgotten temple. Each ring stands three times a man's height. Pilgrims have left a handful of dry dates by the nearest one — an offering, or a memory. Scratched on the ring: “Sleeper — hush.”",Interact:Rakis.POI.LORE_Dead_Maker,Reverent,/Game/Rakis/Audio/VO/LORE_Dead_Maker,0.0,,"Šāʾin — rū.","شَائِن — رُو."
LORE_Worm_Throat,Lore,"Свод зала вырезан рёбрами, сходящимися к световой шахте, — как глотка червя, если смотреть изнутри. Под рёбрами, над помостом наиба, вырезано: «Кого проглотил Бог, тот не боится».","The hall's vault is cut in ribs that converge on the light shaft — a worm's throat, seen from within. Carved beneath the ribs, above the naib's dais: “Whom God has swallowed does not fear.”",Interact:Rakis.POI.LORE_Worm_Throat,Reverent,/Game/Rakis/Audio/VO/LORE_Worm_Throat,0.0,,"Dī ḥaṭamuh Il — maš yaqšaʿ.","دِي حَطَمُه إِل — مَشْ يَقْشَع."
