PresetID,TimeOfDayHours,SunIntensityLux,SunColor,SkyLightIntensity,FogDensity,FogHeightFalloff,FogInscatterColor,VolumetricFogScattering,DustDensity,WindSpeed,WindDirectionYaw,StormIntensity,HeatHaze,ExposureBias,CloudCoverage
Dawn_Ridge,6.6667,75000,"(R=1.000000,G=0.860000,B=0.720000,A=1.000000)",1.2,0.012,0.15,"(R=0.550000,G=0.450000,B=0.420000,A=1.000000)",0.6,0.1,3.5,55,0,0.1,1,0.08
Morning_Erg,8.5,105000,"(R=1.000000,G=0.950000,B=0.880000,A=1.000000)",1,0.006,0.08,"(R=0.780000,G=0.660000,B=0.500000,A=1.000000)",0.6,0.15,6,50,0.05,0.45,1.25,0.1
Worm_Tension,-1,95000,"(R=1.000000,G=0.930000,B=0.840000,A=1.000000)",0.9,0.01,0.1,"(R=0.740000,G=0.620000,B=0.480000,A=1.000000)",0.65,0.35,1.5,50,0,0.55,0.9,0.12
Worm_Reveal,-1,60000,"(R=1.000000,G=0.850000,B=0.680000,A=1.000000)",0.7,0.03,0.04,"(R=0.700000,G=0.550000,B=0.380000,A=1.000000)",0.85,0.9,8,50,0.1,0.3,0.6,0.15
Noon_Approach,11.5,120000,"(R=1.000000,G=0.980000,B=0.950000,A=1.000000)",1,0.005,0.06,"(R=0.800000,G=0.700000,B=0.550000,A=1.000000)",0.6,0.12,5,45,0.15,1,1.5,0.05
Storm_Horizon,12,90000,"(R=1.000000,G=0.900000,B=0.740000,A=1.000000)",0.85,0.018,0.03,"(R=0.820000,G=0.640000,B=0.380000,A=1.000000)",0.7,0.55,14,40,0.7,0.7,1.1,0.35
Crevice_Shade,-1,110000,"(R=1.000000,G=0.960000,B=0.900000,A=1.000000)",1.4,0.008,0.1,"(R=0.700000,G=0.560000,B=0.420000,A=1.000000)",0.6,0.08,2,45,0.4,0.05,1.3,0.3
Sietch_Interior,17.5,40000,"(R=1.000000,G=0.780000,B=0.580000,A=1.000000)",0.15,0.02,0.02,"(R=0.300000,G=0.200000,B=0.120000,A=1.000000)",0.8,0.25,0,45,0,0,0.3,0.1
Hall_Ritual,17.75,30000,"(R=1.000000,G=0.740000,B=0.520000,A=1.000000)",0.1,0.025,0.02,"(R=0.280000,G=0.180000,B=0.100000,A=1.000000)",0.9,0.4,0.3,45,0,0,-0.3,0.1
