id;type;designation;part;x;y;z;ax;ay;az;torque_nm;lock;new_only
F1;bolt;Болт M4×12;K204;-430;33;-130;0;1;0;1.2;none;
F2;bolt;Болт M4×12;K204;-370;33;-130;0;1;0;1.2;none;
F3;bolt;Болт M4×12;K205;370;33;-130;0;1;0;1.2;none;
F4;bolt;Болт M4×12;K205;430;33;-130;0;1;0;1.2;none;
F5;screw;Винт M3×8;P110;-330;31.5;-217;0;1;0;0.6;none;
F6;screw;Винт M3×8;P110;-110;31.5;-217;0;1;0;0.6;none;
F7;screw;Винт M3×8;P110;110;31.5;-217;0;1;0;0.6;none;
F8;screw;Винт M3×8;P110;330;31.5;-217;0;1;0;0.6;none;
F9;bolt;Болт M4×10;Z31;-75;32;170;0;1;0;1.0;none;
F10;bolt;Болт M4×10;Z31;75;32;170;0;1;0;1.0;none;
